Region1,Region2,Year,Crop,Area planted,Production,Yield
snnpr,north omo,2002,corn,39929.09,65062.371,1.62944787872701
snnpr,keficho shekicho,2002,corn,19652.22,38698.123,1.9691476586360201
tigray,west tigray,2002,corn,23712.84,46653.097,1.96741921254476
oromia,borena,2002,corn,27669.85,44483.551,1.6076542156896398
oromia,west shewa,2002,corn,72474.91,204138.87399999998,2.81668337359784
somali,liben,2002,corn,2858.2,1724.2,0.603246798684487
snnpr,gurage,2002,corn,37906.6,67603.55900000001,1.78342449599806
snnpr,kembata alaba tembaro,2002,corn,22749.54,40381.21,1.77503413255828
gambela,gambela regroup,2002,corn,5369.69,11338.406,2.11155690551969
oromia,east wellega,2002,corn,76187.3,214625.889,2.8170822302404703
oromia,west wellega,2002,corn,83607.16,185795.03,2.22223826284734
oromia,oromia regroup,2002,corn,226620.35,495055.36100000003,2.1845141488838
benshangul gumuz,benshangul gumuz regroup,2002,corn,15319.8,28365.08,1.85153069883419
amhara,south wollo,2002,corn,13352.55,21488.043999999998,1.6092839195509498
benshangul gumuz,metekel,2002,corn,5831.95,13678.419,2.3454280300757
addis ababa,region 14,2002,corn,64.95,19.041,0.293163972286374
tigray,central tigray,2002,corn,19377.67,27767.966,1.43298786696233
tigray,east tigray,2002,corn,3113.69,4811.875,1.54539308665924
tigray,south tigray,2002,corn,7107.67,10620.146999999999,1.4941812155038101
afar,zone 1,2002,corn,5654.95,4972.389,0.8792984907028359
afar,zone 3,2002,corn,953.91,1171.485,1.2280875554297601
amhara,north gondar,2002,corn,35568.7,59423.426,1.67066623182742
amhara,south gondar,2002,corn,33941.09,54746.797,1.6129946622221003
amhara,north wollo,2002,corn,6523.4,7027.602,1.07729128981819
amhara,north shewa,2002,corn,8024.93,7872.4980000000005,0.981005192568658
amhara,east gojam,2002,corn,46930.47,95556.569,2.0361306630852
amhara,west gojam,2002,corn,111417.75,289770.597,2.6007579312991003
amhara,wag himra,2002,corn,1296.14,854.32,0.659126328945947
amhara,awi,2002,corn,34085.13,106725.979,3.1311595114937205
amhara,oromia,2002,corn,7138.02,7977.885,1.11766077988013
oromia,ilubabor,2002,corn,71933.55,141925.832,1.9730130377271797
oromia,jimma,2002,corn,103963.08,249287.542,2.39784683177913
oromia,north shewa,2002,corn,5340.7,8004.559,1.49878461624881
oromia,west hararge,2002,corn,42379.9,70429.017,1.6618495324434501
oromia,east hararge,2002,corn,36497.87,71454.631,1.95777537154908
somali,shinile,2002,corn,63.6,78.8,1.23899371069182
somali,jijiga,2002,corn,18552.0,25173.0,1.35688874514877
snnpr,hadiya,2002,corn,21872.69,33749.05,1.54297665262023
snnpr,sidama,2002,corn,25348.82,44760.93,1.7657993547628603
snnpr,gedeo,2002,corn,4857.81,10085.261,2.0760921073487903
snnpr,south omo,2002,corn,5394.58,7846.71,1.45455438606898
snnpr,bench maji,2002,corn,9570.78,15477.33,1.6171440572241798
snnpr,yem,2002,corn,1704.55,2239.0460000000003,1.3135701504796002
snnpr,segen,2002,corn,7723.66,6393.565,0.827789545370977
harari,harari,2002,corn,765.0,918.6,1.2007843137254899
harari,harari,2001,corn,1080.0,960.0,0.8888888888888891
harari,harari,2004,corn,925.0,1205.3,1.3030270270270299
harari,harari,2005,corn,1149.0,1014.8,0.8832027850304609
harari,harari,2006,corn,933.06,1214.117,1.30122071463786
harari,harari,2007,corn,1366.38,2212.699,1.6193877252301698
dire dawa,dire dawa,2001,corn,370.0,410.0,1.1081081081081101
dire dawa,dire dawa,2002,corn,465.0,539.3,1.1597849462365601
dire dawa,dire dawa,2004,corn,184.0,234.9,1.27663043478261
dire dawa,dire dawa,2005,corn,281.0,307.1,1.09288256227758
dire dawa,dire dawa,2006,corn,106.41,129.51,1.21708486044545
dire dawa,dire dawa,2007,corn,335.48,374.977,1.11773280076309
snnpr,north omo,2001,corn,116020.0,173284.0,1.4935700741251499
snnpr,keficho shekicho,2001,corn,22030.0,41475.0,1.8826600090785302
tigray,west tigray,2001,corn,26550.0,46066.0,1.735065913371
oromia,borena,2001,corn,45340.0,67177.0,1.4816277018085602
oromia,west shewa,2001,corn,54090.0,117242.0,2.16753558883343
snnpr,gurage,2001,corn,47810.0,98235.0,2.0546956703618497
snnpr,kembata alaba tembaro,2001,corn,33180.0,65205.0,1.96518987341772
oromia,east wellega,2001,corn,113080.0,264730.0,2.3410859568447098
oromia,west wellega,2001,corn,106230.0,212111.0,1.99671467570366
oromia,oromia regroup,2001,corn,211970.0,374236.0,1.7655139878284698
benshangul gumuz,benshangul gumuz regroup,2001,corn,15950.0,24705.0,1.54890282131661
amhara,south wollo,2001,corn,16170.0,16632.0,1.02857142857143
benshangul gumuz,metekel,2001,corn,10710.0,22674.0,2.11708683473389
tigray,central tigray,2001,corn,17980.0,25537.0,1.4203003337041202
tigray,east tigray,2001,corn,1700.0,2743.0,1.6135294117647099
tigray,south tigray,2001,corn,9450.0,11713.0,1.2394708994708998
afar,zone 1,2001,corn,3650.0,6886.0,1.8865753424657499
afar,zone 3,2001,corn,3100.0,409.0,0.131935483870968
amhara,north gondar,2001,corn,44770.0,60726.0,1.35639937458119
amhara,south gondar,2001,corn,40580.0,39345.0,0.9695662888122231
amhara,north wollo,2001,corn,8080.0,12124.0,1.50049504950495
amhara,north shewa,2001,corn,11540.0,15294.0,1.32530329289428
amhara,east gojam,2001,corn,54600.0,91907.0,1.68327838827839
amhara,west gojam,2001,corn,146470.0,315523.0,2.15418174370178
amhara,wag himra,2001,corn,1530.0,789.0,0.515686274509804
amhara,awi,2001,corn,39070.0,74909.0,1.9173022779626299
amhara,oromia,2001,corn,14940.0,21635.0,1.4481258366800502
oromia,ilubabor,2001,corn,75090.0,154901.0,2.06287122120123
oromia,jimma,2001,corn,119050.0,286202.0,2.4040487190256203
oromia,north shewa,2001,corn,3410.0,4043.0,1.1856304985337198
oromia,west hararge,2001,corn,80450.0,124384.0,1.5461031696706
oromia,east hararge,2001,corn,62540.0,119698.0,1.91394307643108
somali,shinile,2001,corn,110.0,90.0,0.818181818181818
somali,jijiga,2001,corn,22140.0,17307.0,0.7817073170731709
snnpr,hadiya,2001,corn,28550.0,47418.0,1.66087565674256
snnpr,sidama,2001,corn,48130.0,77703.0,1.61444005817577
snnpr,gedeo,2001,corn,9220.0,16487.0,1.7881778741865502
snnpr,south omo,2001,corn,14890.0,18383.0,1.23458697112156
snnpr,bench maji,2001,corn,12960.0,27643.0,2.1329475308642
snnpr,yem,2001,corn,2060.0,3816.0,1.85242718446602
snnpr,keficho shekicho,2004,corn,13768.0,25401.2,1.84494479953515
tigray,west tigray,2004,corn,22348.0,38302.9,1.71392965813496
oromia,borena,2004,corn,40560.0,72152.2,1.77890039447732
oromia,west shewa,2004,corn,68298.0,134362.2,1.9672933321619999
somali,liben,2004,corn,4610.0,536.0,0.116268980477223
snnpr,gurage,2004,corn,44327.0,102249.5,2.306709229138
oromia,east wellega,2004,corn,87690.0,179095.3,2.04236857110275
oromia,west wellega,2004,corn,92029.0,179523.9,1.95073183453042
oromia,oromia regroup,2004,corn,214188.0,478215.2,2.2326890395353596
benshangul gumuz,benshangul gumuz regroup,2004,corn,18910.0,27565.5,1.45772078265468
amhara,south wollo,2004,corn,10164.0,14163.0,1.3934474616292802
benshangul gumuz,metekel,2004,corn,6768.0,16445.9,2.4299497635933798
addis ababa,region 14,2004,corn,66.0,20.3,0.307575757575758
tigray,central tigray,2004,corn,12763.0,15683.5,1.2288255112434399
tigray,east tigray,2004,corn,2575.0,3683.4,1.43044660194175
tigray,south tigray,2004,corn,5936.0,6114.4,1.0300539083558
afar,zone 1,2004,corn,7029.0,20474.1,2.9128040973111404
afar,zone 1,2005,corn,6144.0,12737.0,2.0730794270833304
afar,zone 3,2004,corn,798.0,808.1,1.01265664160401
amhara,north gondar,2004,corn,35328.0,46533.7,1.31719033061594
amhara,south gondar,2004,corn,25262.0,29807.2,1.1799224131106
amhara,north wollo,2004,corn,5635.0,5971.7,1.05975155279503
amhara,north shewa,2004,corn,5643.0,6811.8,1.2071238702817702
amhara,east gojam,2004,corn,27081.0,39619.6,1.4630035818470501
amhara,west gojam,2004,corn,107384.0,237416.8,2.21091410265961
amhara,wag himra,2004,corn,1810.0,1591.6,0.8793370165745859
amhara,awi,2004,corn,33646.0,72094.7,2.1427420792962
amhara,oromia,2004,corn,6243.0,10401.3,1.66607400288323
oromia,ilubabor,2004,corn,67865.0,117124.4,1.72584395491048
oromia,jimma,2004,corn,113665.0,212861.9,1.87271279637531
oromia,north shewa,2004,corn,5305.0,5626.5,1.0606032045240301
oromia,west hararge,2004,corn,54259.0,88581.8,1.63257339796163
oromia,east hararge,2004,corn,42505.0,84014.6,1.97658157863781
somali,shinile,2004,corn,86.0,73.5,0.854651162790698
somali,jijiga,2004,corn,17350.0,11005.0,0.6342939481268011
snnpr,hadiya,2004,corn,26943.0,41768.3,1.5502468173551598
snnpr,sidama,2004,corn,37562.0,74549.4,1.9847026249933402
snnpr,gedeo,2004,corn,6235.0,10792.2,1.7309061748195702
snnpr,south omo,2004,corn,8591.0,9701.7,1.1292864625771202
snnpr,bench maji,2004,corn,8746.0,9004.5,1.0295563686256601
snnpr,yem,2004,corn,1969.0,2406.1,1.22199085830371
snnpr,keficho shekicho,2005,corn,13719.0,31947.6,2.3287120052482004
tigray,west tigray,2005,corn,24212.0,34209.8,1.41292747397984
oromia,borena,2005,corn,41380.0,62386.2,1.50764137264379
oromia,west shewa,2005,corn,66619.0,122645.3,1.84099581200558
somali,liben,2005,corn,5532.0,1841.7,0.33291757049891496
snnpr,gurage,2005,corn,40331.0,58452.9,1.44932930004215
snnpr,kembata alaba tembaro,2005,corn,12804.0,20493.4,1.6005467041549502
gambela,gambela regroup,2005,corn,6144.0,12737.9,2.07322591145833
oromia,east wellega,2005,corn,79683.0,183284.6,2.30017193127769
oromia,west wellega,2005,corn,105698.0,223147.4,2.11117901947057
oromia,oromia regroup,2005,corn,226211.0,390291.1,1.7253409427481399
benshangul gumuz,benshangul gumuz regroup,2005,corn,19353.0,32333.9,1.67074355397096
amhara,south wollo,2005,corn,8723.0,8538.6,0.9788604837785171
benshangul gumuz,metekel,2005,corn,8059.0,17685.0,2.1944409976423898
addis ababa,region 14,2005,corn,13.0,10.4,0.8
tigray,central tigray,2005,corn,14647.0,13420.2,0.9162422339045541
tigray,east tigray,2005,corn,3069.0,2544.0,0.8289345063538609
tigray,south tigray,2005,corn,5271.0,3744.2,0.710339594004933
afar,zone 3,2005,corn,719.0,393.2,0.546870653685675
amhara,north gondar,2005,corn,40593.0,78372.3,1.93068509348903
amhara,south gondar,2005,corn,30963.0,33021.2,1.06647288699415
amhara,north wollo,2005,corn,5404.0,3596.3,0.665488527017024
amhara,north shewa,2005,corn,5650.0,6946.4,1.2294513274336298
amhara,east gojam,2005,corn,27242.0,49176.7,1.80517950223919
amhara,west gojam,2005,corn,116698.0,225835.0,1.93520882962861
amhara,wag himra,2005,corn,2658.0,1153.3,0.433897667419112
amhara,awi,2005,corn,40035.0,82091.9,2.0505033096041
amhara,oromia,2005,corn,7276.0,8449.9,1.16133864760858
oromia,ilubabor,2005,corn,72572.0,114347.3,1.57563936504437
oromia,jimma,2005,corn,101712.0,232536.8,2.28622778039956
oromia,north shewa,2005,corn,5638.0,6684.6,1.1856332032635701
oromia,west hararge,2005,corn,47415.0,57950.0,1.22218707160181
oromia,east hararge,2005,corn,44758.0,59374.5,1.32656731757451
somali,shinile,2005,corn,129.0,18.9,0.146511627906977
somali,jijiga,2005,corn,19999.0,8500.5,0.42504625231261606
snnpr,hadiya,2005,corn,23474.0,40876.1,1.7413350941467198
snnpr,sidama,2005,corn,31316.0,60972.5,1.9470079192744898
snnpr,gedeo,2005,corn,9731.0,17361.5,1.7841434590484
snnpr,south omo,2005,corn,10262.0,19343.7,1.88498343402845
snnpr,bench maji,2005,corn,8198.0,6990.2,0.852671383264211
snnpr,yem,2005,corn,1601.0,2228.8,1.39212991880075
snnpr,segen,2005,corn,10422.0,11311.4,1.08533870658223
snnpr,north omo,2006,corn,33493.54,52012.691,1.5529170998347699
snnpr,keficho shekicho,2006,corn,14900.61,34768.602999999996,2.33336776145406
tigray,west tigray,2006,corn,19997.17,36291.703,1.81484195013594
oromia,borena,2006,corn,34053.47,58870.504,1.72876667194268
oromia,west shewa,2006,corn,79929.36,208181.24300000002,2.60456536872058
snnpr,gurage,2006,corn,43295.07,85881.885,1.98364120903373
snnpr,kembata alaba tembaro,2006,corn,14367.73,25784.083,1.79458292994092
gambela,gambela regroup,2006,corn,5842.0,12558.4,2.14967476891476
oromia,east wellega,2006,corn,109482.61,290644.811,2.6547121136407004
oromia,west wellega,2006,corn,111729.01,279272.52,2.4995524438997503
oromia,oromia regroup,2006,corn,235743.95,602531.493,2.55587256003813
benshangul gumuz,benshangul gumuz regroup,2006,corn,20114.57,37139.093,1.84637767548598
amhara,south wollo,2006,corn,10579.45,17037.318,1.61041623146761
benshangul gumuz,metekel,2006,corn,11606.19,25523.725,2.1991476100253395
addis ababa,region 14,2006,corn,11.72,5.347,0.45622866894197905
tigray,central tigray,2006,corn,14939.73,25228.845,1.6887082296668
tigray,east tigray,2006,corn,5524.27,8903.315999999999,1.6116728545128998
tigray,south tigray,2006,corn,5730.85,9909.018,1.72906601987489
afar,zone 1,2006,corn,11985.14,33634.744,2.8063705555379395
afar,zone 3,2006,corn,791.23,1093.012,1.38140869279476
amhara,north gondar,2006,corn,48214.61,96498.429,2.00143543627129
amhara,south gondar,2006,corn,39053.03,59083.949,1.5129158736210702
amhara,north wollo,2006,corn,6268.33,8266.498,1.3187719855208602
amhara,north shewa,2006,corn,5652.36,10562.706,1.86872492197949
amhara,east gojam,2006,corn,37760.48,67690.87400000001,1.79263807027877
amhara,west gojam,2006,corn,133775.5,323513.07899999997,2.4183283112378597
amhara,wag himra,2006,corn,2172.96,2449.002,1.12703501214933
amhara,awi,2006,corn,52687.55,132286.762,2.51077839072039
amhara,oromia,2006,corn,4919.24,8291.533000000001,1.68553130158317
oromia,ilubabor,2006,corn,70124.19,145532.03699999998,2.07534713769956
oromia,jimma,2006,corn,110206.2,258677.768,2.3472161094384902
oromia,north shewa,2006,corn,5870.05,6196.231,1.05556698835615
oromia,west hararge,2006,corn,44046.47,74317.864,1.68726038658717
oromia,east hararge,2006,corn,56910.85,107523.957,1.88934020489942
somali,shinile,2006,corn,67.83,79.362,1.17001326846528
somali,jijiga,2006,corn,20011.91,13640.53,0.6816205949357161
snnpr,hadiya,2006,corn,20713.95,37547.492,1.81266692253288
snnpr,sidama,2006,corn,40046.62,84651.306,2.11381899396254
snnpr,gedeo,2006,corn,6361.65,12306.923999999999,1.93454905566952
snnpr,south omo,2006,corn,9578.11,9427.903,0.9843176785399209
snnpr,bench maji,2006,corn,9789.35,18878.852,1.9285092472942502
snnpr,yem,2006,corn,2025.4,3939.071,1.94483608176163
snnpr,segen,2006,corn,11825.36,8817.08,0.745607744711366
snnpr,north omo,2007,corn,45139.21,71768.805,1.58994375400013
snnpr,keficho shekicho,2007,corn,19743.77,48113.718,2.4369063253877004
tigray,west tigray,2007,corn,25828.68,52297.871,2.02479844111275
oromia,borena,2007,corn,38755.47,80967.33,2.0891845718810798
oromia,west shewa,2007,corn,78245.12,182684.703,2.3347743987101097
snnpr,gurage,2007,corn,42880.3,99330.71800000001,2.31646509002969
snnpr,kembata alaba tembaro,2007,corn,12894.5,28057.937,2.1759616115398
gambela,gambela regroup,2007,corn,5842.0,12558.4,2.14967476891476
oromia,east wellega,2007,corn,117730.49,318516.271,2.70546967909502
oromia,west wellega,2007,corn,108534.94,263997.929,2.43237734318552
oromia,oromia regroup,2007,corn,261454.2,638694.123,2.4428527941031404
benshangul gumuz,benshangul gumuz regroup,2007,corn,19691.6,36280.93,1.84245718986776
amhara,south wollo,2007,corn,11673.24,19024.963,1.6297928424327799
benshangul gumuz,metekel,2007,corn,11743.67,29080.376,2.47625963604223
addis ababa,region 14,2007,corn,26.3,5.081,0.19319391634980998
tigray,central tigray,2007,corn,17438.57,24398.466,1.3991093306389202
tigray,east tigray,2007,corn,5295.57,7947.504,1.50078348506393
tigray,south tigray,2007,corn,10050.39,18024.131,1.7933762769405002
afar,zone 1,2007,corn,12385.65,48164.605,3.88874261746457
afar,zone 3,2007,corn,835.35,896.4169999999999,1.07310348955528
amhara,north gondar,2007,corn,50291.5,111856.612,2.22416535597467
amhara,south gondar,2007,corn,45529.0,72790.13,1.5987640844297
amhara,north wollo,2007,corn,6826.49,9153.961,1.34094695809999
amhara,north shewa,2007,corn,6857.74,14143.796999999999,2.0624574568298
amhara,east gojam,2007,corn,48367.78,110832.19699999999,2.29144684746747
amhara,west gojam,2007,corn,143282.41,380398.43799999997,2.6548858160607405
amhara,wag himra,2007,corn,2684.1,3368.64,1.25503520733207
amhara,awi,2007,corn,55706.2,138670.573,2.48932027314733
amhara,oromia,2007,corn,5718.62,8530.821,1.4917621733914799
oromia,ilubabor,2007,corn,77351.67,163976.769,2.11988660361179
oromia,jimma,2007,corn,133855.69,313698.092,2.34355440549445
oromia,north shewa,2007,corn,4681.5,5199.356,1.11061753711417
oromia,west hararge,2007,corn,65754.52,115481.692,1.7562548095553001
oromia,east hararge,2007,corn,62368.59,132588.55599999998,2.12588670034067
somali,shinile,2007,corn,201.62,192.107,0.9528171808352349
somali,jijiga,2007,corn,29950.11,23435.257,0.782476491739096
snnpr,hadiya,2007,corn,21210.01,43839.832,2.06694065679366
snnpr,sidama,2007,corn,34929.91,73254.11200000001,2.09717437004561
snnpr,gedeo,2007,corn,6693.73,14921.282,2.22914309361148
snnpr,south omo,2007,corn,10262.49,12233.478000000001,1.1920574831254398
snnpr,bench maji,2007,corn,11693.41,28288.107999999997,2.41914958938411
snnpr,yem,2007,corn,1967.45,3628.045,1.84403415588706
snnpr,segen,2007,corn,10816.1,8305.599,0.767892216233208
snnpr,north omo,2009,corn,61471.36,104018.022,1.69213796473675
snnpr,north omo,2011,corn,46133.65,93772.196,2.0326203541232903
snnpr,north omo,2012,corn,72843.24,185007.64899999998,2.53980532716557
snnpr,north omo,2013,corn,65611.0,186565.133,2.84350387892274
snnpr,north omo,2015,corn,76432.19,249286.526,3.26153844342286
snnpr,keficho shekicho,2008,corn,11171.22,18968.421000000002,1.69797219999248
snnpr,keficho shekicho,2009,corn,21220.36,42731.665,2.01371065335367
snnpr,keficho shekicho,2011,corn,24524.22,61727.742999999995,2.51701146866241
snnpr,keficho shekicho,2012,corn,29125.31,65534.691,2.25009419642229
snnpr,keficho shekicho,2013,corn,37751.88,98220.6,2.60174062854618
snnpr,keficho shekicho,2015,corn,25181.68,75378.478,2.99338558825305
tigray,west tigray,2008,corn,30064.91,45741.804000000004,1.5214349219738201
tigray,west tigray,2009,corn,29207.08,58504.093,2.00307915067169
tigray,west tigray,2011,corn,28799.95,74104.57,2.57307981437468
tigray,west tigray,2012,corn,31419.26,92183.748,2.93398851532468
tigray,west tigray,2013,corn,35215.26,102072.525,2.8985310629539596
tigray,west tigray,2015,corn,33608.11,100772.19699999999,2.99844879703143
oromia,borena,2008,corn,50181.09,105180.994,2.09602848403652
oromia,borena,2009,corn,42970.69,95032.53,2.21156630251923
oromia,borena,2011,corn,43255.93,88364.98300000001,2.04284090065801
oromia,borena,2012,corn,64356.3,216795.389,3.3686739138203996
oromia,borena,2013,corn,62205.26,202035.49300000002,3.24788439112705
oromia,borena,2015,corn,60288.99,181759.117,3.0147978428565496
oromia,west shewa,2008,corn,92486.39,187549.198,2.0278572663502197
oromia,west shewa,2009,corn,80869.95,184955.142,2.28706883088218
oromia,west shewa,2011,corn,139325.63,412162.32200000004,2.9582663433856404
oromia,west shewa,2012,corn,116031.28,359161.516,3.09538527886618
oromia,west shewa,2013,corn,126219.56,410000.011,3.24830803561667
oromia,west shewa,2015,corn,128276.98,424662.14700000006,3.3105093914746
somali,liben,2008,corn,4949.38,9359.215,1.89098735599206
somali,liben,2009,corn,4804.01,9797.265,2.0393931319876497
somali,liben,2011,corn,4009.47,9361.664,2.3348881522994303
somali,liben,2012,corn,3627.48,8297.96,2.28752742951029
somali,liben,2013,corn,5564.39,12016.085,2.15946132460162
somali,liben,2015,corn,5826.67,12944.953000000001,2.2216725848555
snnpr,gurage,2008,corn,55917.73,117726.038,2.10534365397165
snnpr,gurage,2009,corn,57697.61,111601.589,1.9342497722176
snnpr,gurage,2011,corn,55082.38,153075.5,2.7790284297809906
snnpr,gurage,2012,corn,67301.75,238335.444,3.54129638530945
snnpr,gurage,2013,corn,66032.94,222025.866,3.36235015433207
snnpr,gurage,2015,corn,67089.83,256620.891,3.8250341519720603
snnpr,kembata alaba tembaro,2008,corn,16632.63,33250.029,1.99908426989598
snnpr,kembata alaba tembaro,2009,corn,23037.09,46119.996,2.00198879285535
snnpr,kembata alaba tembaro,2011,corn,18492.39,46974.919,2.54022973774618
snnpr,kembata alaba tembaro,2012,corn,24137.28,64454.645,2.67033588705935
snnpr,kembata alaba tembaro,2013,corn,22541.22,61361.03599999999,2.72217013985933
snnpr,kembata alaba tembaro,2015,corn,19534.41,68247.266,3.4936947673362004
gambela,gambela regroup,2008,corn,6823.83,13746.677,2.01451047285762
gambela,gambela regroup,2009,corn,6001.7,13841.782,2.3063102121065695
gambela,gambela regroup,2011,corn,6051.1,10245.940999999999,1.693236105832
gambela,gambela regroup,2013,corn,5070.81,11972.488000000001,2.36106026453367
oromia,east wellega,2008,corn,139001.65,358459.588,2.5788153449977003
oromia,east wellega,2009,corn,120104.44,314290.67,2.6168114184621296
oromia,east wellega,2011,corn,172171.04,492395.005,2.8599177016065003
oromia,east wellega,2012,corn,158952.54,593858.965,3.73607722783165
oromia,east wellega,2013,corn,165811.67,625317.6460000001,3.77125232500221
oromia,east wellega,2015,corn,187210.94,780915.896,4.17131550111334
oromia,west wellega,2008,corn,105188.7,229840.445,2.1850298083349298
oromia,west wellega,2009,corn,99837.4,237801.67,2.38188965257509
oromia,west wellega,2011,corn,127945.33,341817.095,2.67158711459027
oromia,west wellega,2012,corn,116552.17,391596.674,3.35984026723827
oromia,west wellega,2013,corn,130016.95,459157.31,3.5315188519650698
oromia,west wellega,2015,corn,130726.33,524815.884,4.0146149899565
oromia,oromia regroup,2008,corn,243715.43,560087.558,2.2981210422335603
oromia,oromia regroup,2009,corn,263983.59,647379.933,2.45234915170295
oromia,oromia regroup,2011,corn,262128.04,650549.445,2.48180028737101
oromia,oromia regroup,2012,corn,285268.56,858739.823,3.01028554636375
oromia,oromia regroup,2013,corn,268133.21,808775.176,3.0163185530057994
oromia,oromia regroup,2015,corn,252414.15,825484.9029999999,3.27035906267537
benshangul gumuz,benshangul gumuz regroup,2008,corn,18177.64,34689.277,1.90834877354816
benshangul gumuz,benshangul gumuz regroup,2009,corn,16515.28,32053.197,1.9408206824225802
benshangul gumuz,benshangul gumuz regroup,2011,corn,23640.99,62119.63,2.62762388546334
benshangul gumuz,benshangul gumuz regroup,2012,corn,24663.95,67651.932,2.74294798683909
benshangul gumuz,benshangul gumuz regroup,2013,corn,27228.86,80500.479,2.9564395644915002
benshangul gumuz,benshangul gumuz regroup,2015,corn,23591.09,73940.357,3.13424928648909
amhara,south wollo,2008,corn,17287.87,34522.544,1.9969229291983301
amhara,south wollo,2009,corn,14847.59,22263.515,1.4994699476480702
amhara,south wollo,2011,corn,15332.38,34077.064,2.2225554023576297
amhara,south wollo,2012,corn,18319.36,44195.725999999995,2.41251473850615
amhara,south wollo,2013,corn,16086.91,37970.69,2.36034701505758
amhara,south wollo,2015,corn,11424.49,27956.668999999998,2.44708245182061
benshangul gumuz,metekel,2008,corn,12868.12,27748.673,2.15638904517521
benshangul gumuz,metekel,2009,corn,15494.57,45283.663,2.9225504805877205
benshangul gumuz,metekel,2011,corn,20214.15,55172.831,2.7294163247032404
benshangul gumuz,metekel,2012,corn,21870.54,75535.098,3.4537372191084397
benshangul gumuz,metekel,2013,corn,22247.51,64954.01,2.91960808198311
benshangul gumuz,metekel,2015,corn,21687.83,82568.72,3.8071452976162203
tigray,central tigray,2008,corn,20280.73,29697.682999999997,1.4643300808205602
tigray,central tigray,2009,corn,21535.85,32230.49,1.4965970695375401
tigray,central tigray,2011,corn,21672.95,49336.842000000004,2.2764248521774797
tigray,central tigray,2012,corn,22277.11,42720.233,1.91767392628577
tigray,central tigray,2013,corn,22767.17,43002.095,1.88877647068125
tigray,central tigray,2015,corn,19923.47,41211.61,2.06849559840731
tigray,east tigray,2008,corn,2356.95,3316.94,1.4073018095419898
tigray,east tigray,2009,corn,3472.09,5099.417,1.46868802363994
tigray,east tigray,2011,corn,3783.43,7797.661,2.06100311093373
tigray,east tigray,2012,corn,3638.58,7219.387,1.9841221025784799
tigray,east tigray,2013,corn,3713.01,7087.089,1.90871799429573
tigray,east tigray,2015,corn,3031.84,6087.718000000001,2.00792851865534
tigray,south tigray,2008,corn,10563.24,15483.225,1.46576476535608
tigray,south tigray,2009,corn,10060.08,15773.17,1.5678970743771399
tigray,south tigray,2011,corn,8600.89,18613.644,2.16415324460608
tigray,south tigray,2012,corn,7468.44,11487.431,1.5381299173589098
tigray,south tigray,2013,corn,7330.77,8997.833,1.22740626155233
tigray,south tigray,2015,corn,7633.58,11077.909,1.4512075592317097
afar,zone 1,2008,corn,11650.49,35181.497,3.0197439764336096
afar,zone 1,2009,corn,11848.55,34073.633,2.87576395423913
afar,zone 1,2013,corn,3332.55,18848.263,5.6558080148835
afar,zone 1,2015,corn,2861.77,10292.076,3.5964022265940296
afar,zone 3,2008,corn,884.67,878.04,0.9925056800840992
afar,zone 3,2009,corn,1318.26,3277.7929999999997,2.4864541137560097
amhara,north gondar,2008,corn,52146.81,92707.95800000001,1.7778260645282
amhara,north gondar,2009,corn,43965.59,99135.147,2.25483490611635
amhara,north gondar,2011,corn,59778.0,141408.508,2.3655610425240097
amhara,north gondar,2012,corn,63938.92,173897.549,2.7197448596254103
amhara,north gondar,2013,corn,74966.89,206072.949,2.7488528469034796
amhara,north gondar,2015,corn,81371.9,237214.67,2.91519148502124
amhara,south gondar,2008,corn,39907.93,64141.342000000004,1.6072329985544198
amhara,south gondar,2009,corn,42294.44,71613.13,1.69320435499323
amhara,south gondar,2011,corn,44519.52,98447.81300000001,2.2113403963025697
amhara,south gondar,2012,corn,39655.97,94828.58,2.3912813127506403
amhara,south gondar,2013,corn,36417.32,86065.698,2.3633177290366203
amhara,south gondar,2015,corn,43032.91,114839.586,2.66864560170344
amhara,north wollo,2008,corn,6049.54,11413.675,1.8867013029089799
amhara,north wollo,2009,corn,5722.49,10091.418,1.76346625332679
amhara,north wollo,2011,corn,7387.22,9490.377,1.28470209361573
amhara,north wollo,2012,corn,6090.31,8146.795,1.3376650778039199
amhara,north wollo,2013,corn,5931.62,9425.684000000001,1.5890572895768798
amhara,north wollo,2015,corn,7337.32,14735.21,2.00825505770499
amhara,north shewa,2008,corn,8765.65,14237.678999999998,1.6242582124543
amhara,north shewa,2009,corn,10026.19,18600.604,1.8552016269390499
amhara,north shewa,2011,corn,11283.4,23956.194,2.12313611145577
amhara,north shewa,2013,corn,8867.15,21095.124,2.37901963990685
amhara,north shewa,2015,corn,7461.36,21989.324,2.94709329130346
amhara,east gojam,2008,corn,54482.7,119172.939,2.18735376550722
amhara,east gojam,2009,corn,55373.18,155291.69,2.8044567785342998
amhara,east gojam,2011,corn,64470.16,167034.696,2.59088384455692
amhara,east gojam,2012,corn,82055.7,223978.484,2.72959080234524
amhara,east gojam,2013,corn,45100.71,124863.43,2.76854688096928
amhara,east gojam,2015,corn,76223.28,272838.731,3.5794672047699905
amhara,west gojam,2008,corn,158270.91,437473.833,2.76408237622441
amhara,west gojam,2009,corn,164606.2,428572.6,2.6036236788164704
amhara,west gojam,2011,corn,202664.31,559926.3829999999,2.76282677991009
amhara,west gojam,2012,corn,187792.81,558206.874,2.9724613737874197
amhara,west gojam,2013,corn,173343.73,558530.129,3.2220959419761
amhara,west gojam,2015,corn,212990.07,870716.9609999999,4.08806364071339
amhara,wag himra,2008,corn,1719.65,2182.436,1.26911638996307
amhara,wag himra,2009,corn,2362.87,3073.805,1.30087774613076
amhara,wag himra,2011,corn,3379.3,4949.876,1.46476370846033
amhara,wag himra,2012,corn,3339.62,4700.027,1.4073538306753501
amhara,wag himra,2013,corn,2973.86,4353.642,1.4639700591150901
amhara,wag himra,2015,corn,2613.21,4127.562,1.57949877736577
amhara,awi,2008,corn,53004.88,135461.1,2.55563450006867
amhara,awi,2009,corn,51373.52,106868.72,2.08022965917072
amhara,awi,2011,corn,57526.66,164891.489,2.8663490805828102
amhara,awi,2012,corn,59263.42,178900.413,3.01873251661818
amhara,awi,2013,corn,66671.95,206984.13600000003,3.10451600710644
amhara,awi,2015,corn,68282.45,266420.594,3.90174333229109
amhara,oromia,2008,corn,5845.44,9917.832,1.69667843652488
amhara,oromia,2009,corn,6143.66,10453.774,1.7015547735389
amhara,oromia,2011,corn,5919.15,10623.018999999998,1.7946865681728
amhara,oromia,2012,corn,4484.22,7756.023,1.72962588811432
amhara,oromia,2013,corn,4281.7,7611.366999999999,1.77765069948852
amhara,oromia,2015,corn,2630.37,6661.539000000001,2.53254827267647
oromia,ilubabor,2008,corn,73945.92,140966.678,1.90634828804618
oromia,ilubabor,2009,corn,77179.78,175251.21,2.2706881258277796
oromia,ilubabor,2011,corn,88034.65,236198.234,2.68301440398752
oromia,ilubabor,2012,corn,85929.75,270774.184,3.15111104128663
oromia,ilubabor,2013,corn,97252.6,307340.722,3.1602314179775095
oromia,ilubabor,2015,corn,92857.13,335104.534,3.60881855814411
oromia,jimma,2008,corn,122181.36,255284.97199999998,2.08939376677424
oromia,jimma,2009,corn,116626.28,289474.00399999996,2.4820649685474
oromia,jimma,2011,corn,161042.98,420240.43700000003,2.6094924286671803
oromia,jimma,2012,corn,135710.98,382409.776,2.81782488049235
oromia,jimma,2013,corn,144362.82,454755.42799999996,3.15008689910602
oromia,jimma,2015,corn,165021.75,579712.851,3.51294814774416
oromia,north shewa,2008,corn,5627.06,8895.29,1.5808059626163602
oromia,north shewa,2009,corn,4935.28,8696.110999999999,1.76202991522264
oromia,north shewa,2011,corn,7305.61,16879.099,2.3104297929947
oromia,north shewa,2012,corn,6984.07,11001.693000000001,1.57525525946905
oromia,north shewa,2013,corn,7635.34,11472.745,1.50258469170986
oromia,north shewa,2015,corn,5791.15,14464.408000000001,2.49767455514017
oromia,west hararge,2008,corn,68512.21,133437.617,1.94764724419195
oromia,west hararge,2009,corn,63508.93,111069.811,1.7488849363388703
oromia,west hararge,2011,corn,54389.22,102967.355,1.89315741244313
oromia,west hararge,2012,corn,67695.96,211505.75,3.12434818857728
oromia,west hararge,2013,corn,66803.05,179583.171,2.6882480814872998
oromia,west hararge,2015,corn,52199.73,129848.225,2.4875267554065896
oromia,east hararge,2008,corn,68082.32,167255.33,2.4566631983163902
oromia,east hararge,2009,corn,63696.17,139022.8,2.18259276813661
oromia,east hararge,2011,corn,53677.61,119022.62199999999,2.21736068353267
oromia,east hararge,2012,corn,64774.59,187055.521,2.88779166336676
oromia,east hararge,2013,corn,47516.94,132408.044,2.78654399883494
oromia,east hararge,2015,corn,55062.55,147342.399,2.67590947022977
somali,shinile,2012,corn,394.2,486.64599999999996,1.23451547437849
somali,shinile,2013,corn,277.46,327.252,1.17945649823398
somali,jijiga,2008,corn,31493.66,22951.875,0.7287776333395359
somali,jijiga,2009,corn,34635.96,55170.602999999996,1.59287061770484
somali,jijiga,2011,corn,23500.26,39250.131,1.67019986161855
somali,jijiga,2012,corn,24912.41,67056.152,2.69167663826984
somali,jijiga,2013,corn,22966.59,79686.00200000001,3.4696488246622597
somali,jijiga,2015,corn,30430.4,94701.888,3.1120816026079203
snnpr,hadiya,2008,corn,17622.35,27655.933999999997,1.5693669686506102
snnpr,hadiya,2009,corn,23931.34,45183.593,1.88805110787779
snnpr,hadiya,2011,corn,14636.27,26801.181,1.8311483048618302
snnpr,hadiya,2012,corn,21111.4,55251.222,2.6171273340470096
snnpr,hadiya,2013,corn,24125.09,64264.248,2.6637930884402903
snnpr,hadiya,2015,corn,22733.54,78291.573,3.44387952778142
snnpr,sidama,2008,corn,46996.19,103609.731,2.20464107835125
snnpr,sidama,2009,corn,44770.67,95819.974,2.14023989366253
snnpr,sidama,2011,corn,19515.2,53722.876,2.75287345248832
snnpr,sidama,2012,corn,38401.35,131373.56900000002,3.42106642084198
snnpr,sidama,2013,corn,30559.37,100895.29800000001,3.30161577283825
snnpr,sidama,2015,corn,27895.21,92313.77699999999,3.30930568366397
snnpr,gedeo,2008,corn,3346.32,5839.9,1.74517081450668
snnpr,gedeo,2009,corn,2379.14,4301.0,1.80779609438705
snnpr,gedeo,2012,corn,4879.72,13548.451000000001,2.7764812325297403
snnpr,gedeo,2013,corn,4874.46,12876.798,2.6416870791841602
snnpr,gedeo,2015,corn,5136.46,13990.204,2.72370543136713
snnpr,south omo,2008,corn,15404.71,17571.99,1.14068943848992
snnpr,south omo,2009,corn,16530.64,27260.327,1.6490787410529801
snnpr,south omo,2011,corn,18719.34,42003.545,2.24385822363395
snnpr,south omo,2012,corn,17154.94,28325.627,1.6511644459263601
snnpr,south omo,2013,corn,19896.48,48578.070999999996,2.44154096604022
snnpr,south omo,2015,corn,22833.27,63350.449,2.77447991461582
snnpr,bench maji,2008,corn,12237.94,20216.495,1.65195245278209
snnpr,bench maji,2009,corn,10514.56,19270.932,1.8327853947288302
snnpr,bench maji,2011,corn,6405.65,17292.234,2.69952838509753
snnpr,bench maji,2012,corn,9207.98,20444.448,2.2202967426080398
snnpr,bench maji,2013,corn,12044.67,27786.132,2.3069234773555403
snnpr,bench maji,2015,corn,11797.35,28951.675,2.45408290844978
snnpr,yem,2008,corn,2332.65,3334.4109999999996,1.42945191091677
snnpr,yem,2009,corn,1658.6,2354.791,1.4197461714699098
snnpr,yem,2011,corn,3648.61,6824.2480000000005,1.87036926391146
snnpr,yem,2012,corn,2323.29,3896.502,1.67714835427347
snnpr,yem,2013,corn,2460.66,4065.8320000000003,1.65233392667008
snnpr,yem,2015,corn,2984.15,6703.063,2.2462218722249196
snnpr,segen,2008,corn,18162.42,26006.209,1.43186915620275
snnpr,segen,2009,corn,17234.63,30008.187,1.7411564390996497
snnpr,segen,2011,corn,20793.27,33775.521,1.6243486955154198
snnpr,segen,2012,corn,19944.91,38550.998,1.93287400143696
snnpr,segen,2013,corn,19306.86,45251.16099999999,2.3437866644291203
snnpr,segen,2015,corn,22255.85,48639.931,2.18548970270738
harari,harari,2008,corn,1272.88,2111.165,1.65857347118346
harari,harari,2009,corn,1785.67,3613.908,2.02383867119905
harari,harari,2010,corn,1425.18,1814.219,1.2729753434653899
harari,harari,2011,corn,808.72,1620.4279999999999,2.0036947274705703
harari,harari,2012,corn,2068.62,5337.816,2.5803753226788904
harari,harari,2013,corn,1242.35,2741.4429999999998,2.20665915402262
harari,harari,2015,corn,1300.31,2747.185,2.11271542939761
dire dawa,dire dawa,2008,corn,284.0,559.681,1.9707077464788703
dire dawa,dire dawa,2009,corn,257.2,317.406,1.23408242612753
dire dawa,dire dawa,2010,corn,443.76,623.245,1.4044641247521201
dire dawa,dire dawa,2011,corn,320.34,505.26800000000003,1.57728663295249
dire dawa,dire dawa,2012,corn,219.02,374.131,1.7082047301616299
dire dawa,dire dawa,2013,corn,270.55,403.26,1.4905193125115501
dire dawa,dire dawa,2015,corn,371.07,747.454,2.01432074810683
snnpr,north omo,2016,corn,75091.56,234046.83,3.1168193868924803
tigray,west tigray,2016,corn,28773.41,79188.19099999999,2.75213090836296
oromia,borena,2016,corn,51714.32,145857.62300000002,2.82044940356946
oromia,west shewa,2016,corn,130751.88,438259.42299999995,3.3518403177071
somali,liben,2016,corn,3680.28,6890.019,1.87214532589912
snnpr,gurage,2016,corn,73597.15,265509.956,3.60761192519004
snnpr,kembata alaba tembaro,2016,corn,23863.16,73674.458,3.0873722507832198
gambela,gambela regroup,2016,corn,4080.03,7969.536999999999,1.9533035296309098
oromia,east wellega,2016,corn,183728.49,796928.695,4.33753466868421
oromia,west wellega,2016,corn,139085.81,568073.215,4.08433624537255
oromia,oromia regroup,2016,corn,270200.45,856395.8809999999,3.16948354823243
benshangul gumuz,benshangul gumuz regroup,2016,corn,22922.03,75951.341,3.3134648632778196
amhara,south wollo,2016,corn,11076.2,23953.279,2.16258996767845
benshangul gumuz,metekel,2016,corn,24076.84,91424.675,3.79720407661471
tigray,central tigray,2016,corn,22295.37,42414.473,1.90238928530901
tigray,east tigray,2016,corn,2927.01,5191.116,1.7735217850297702
tigray,south tigray,2016,corn,8644.2,11115.171,1.28585305754147
afar,zone 1,2016,corn,282.37,712.6610000000001,2.5238552254134596
afar,zone 3,2016,corn,2048.49,4927.018,2.4051950461071296
amhara,north gondar,2016,corn,75990.44,213974.22699999998,2.8158045538359797
amhara,south gondar,2016,corn,52817.5,141559.919,2.6801707577980802
amhara,north wollo,2016,corn,7202.54,11507.435,1.5976912311490101
amhara,north shewa,2016,corn,6490.05,16663.004,2.56746927989769
amhara,east gojam,2016,corn,76214.78,266601.17,3.49802453015019
amhara,west gojam,2016,corn,209837.83,858406.146,4.0908073915937795
amhara,wag himra,2016,corn,3387.26,4529.271,1.3371489050146699
amhara,awi,2016,corn,71123.56,270269.865,3.8000047382330098
amhara,oromia,2016,corn,3070.08,6862.525,2.2352919142172203
oromia,ilubabor,2016,corn,99625.89,363354.106,3.6471855458455598
oromia,jimma,2016,corn,152697.09,546668.33,3.58008348423667
oromia,north shewa,2016,corn,5920.23,6642.61,1.1220189080491798
oromia,west hararge,2016,corn,42043.88,98393.709,2.3402623402026603
oromia,east hararge,2016,corn,49979.8,133285.781,2.66679300437377
somali,shinile,2016,corn,334.38,346.10699999999997,1.0350708774448198
somali,jijiga,2016,corn,21819.08,54266.9,2.4871305297931903
snnpr,hadiya,2016,corn,20792.19,68408.357,3.29009868609319
snnpr,sidama,2016,corn,30444.83,98327.004,3.22967820808985
snnpr,south omo,2016,corn,26948.13,69167.328,2.5666837736050696
snnpr,bench maji,2016,corn,14098.09,34255.032,2.42976403186531
snnpr,yem,2016,corn,3301.39,7625.938,2.3099173378486
snnpr,segen,2016,corn,21945.07,48066.663,2.19031714184553
harari,harari,2016,corn,1265.83,2100.281,1.65921253248856
dire dawa,dire dawa,2016,corn,294.22,416.18300000000005,1.41452994357963
